{"futurePattern":[-0.08065331575306925,-0.08119927361115226,-0.08214258945042355,-0.08365424182528845,-0.08385824257455982,-0.08395717270380476,-0.08504867905391865,-0.08494388134459413,-0.08599922702677562,-0.08680499587255829,-0.0889611268686995,-0.09147886454415075,-0.09526782026656419,-0.09783741097527458,-0.10135768611219416,-0.1037320092140772,-0.10386150534187538,-0.10326164762027305,-0.10333738033990163,-0.10431944949876634,-0.10351177027807472,-0.1032933052616315,-0.10413891906981425,-0.1039152687500445,-0.1024747096128845,-0.10356839924860876,-0.10455770054105916,-0.1033568934550503,-0.1033481603126063,-0.10422584112819813],"historicalPattern":[-0.05178004582531129,-0.05177990936996058,-0.05205295652667719,-0.051855369178887736,-0.05119028579965907,-0.04922682975868221,-0.04674347883160313,-0.04344112288972494,-0.0407801070960567,-0.038784174681617635,-0.03864594541137594,-0.038673236481512135,-0.04208475670393709,-0.04625319475659919,-0.050401300962010356,-0.0561118209327409,-0.06143357960937595,-0.06468626580360635,-0.06697857923972911,-0.06995357879531823,-0.0722460286867917,-0.07445646891250537,-0.07606132029188735,-0.07756246560475051,-0.07718039062283735,-0.07526987925792634,-0.07516071497738008,-0.07590958194192728,-0.07646768432622056,-0.07832334064015826],"direction":"bearish","mse":0.02075766119304081,"similarCount":14,"patternStartPrice":65148.47,"patternEndPrice":64361.31,"dayLow":64320.06,"dayHigh":65360.01}